<?xml version="1.0" encoding="UTF-8" ?>
<web-fragment xmlns="http://java.sun.com/xml/ns/javaee"
	xmlns:xsi="http://www.w3.org/2001/XMLSchema-instance"
	xsi:schemaLocation="http://java.sun.com/xml/ns/javaee http://java.sun.com/xml/ns/javaee/web-fragment_3_0.xsd"
	version="3.0">
	<filter>
		<filter-name>vraptor</filter-name>
		<filter-class>br.com.caelum.vraptor.VRaptor</filter-class>
	</filter>
	<filter-mapping>
		<filter-name>vraptor</filter-name>
		<url-pattern>/*</url-pattern>
		<dispatcher>FORWARD</dispatcher>
		<dispatcher>REQUEST</dispatcher>
	</filter-mapping>
</web-fragment>
